webkb,DM,vectorized,None,faculty,745,6141,49.091240842826664
webkb,DM,vectorized,None,project,335,4576,21.586588884703815
webkb,DM,vectorized,None,course,620,4802,34.25572150852531
webkb,DM,vectorized,None,student,1085,6007,50.58183968812227
webkb,DM,approximate,None,faculty,745,6141,59.138881320133805
webkb,DM,approximate,None,project,335,4576,26.58767250739038
webkb,DM,approximate,None,course,620,4802,47.365863914601505
webkb,DM,approximate,None,student,1085,6007,68.14705813489854
webkb,DM,sklar,None,faculty,745,6141,2440.120301855728
webkb,DM,sklar,None,project,335,4576,208.5486031016335
webkb,DM,sklar,None,course,620,4802,160.49693927820772
webkb,DM,sklar,None,student,1085,6007,78.57193691749126
webkb,DM,vectorized,empirical,faculty,745,6141,63.745644136331975
webkb,DM,vectorized,empirical,project,335,4576,37.13692706078291
webkb,DM,vectorized,empirical,course,620,4802,40.23935816064477
webkb,DM,vectorized,empirical,student,1085,6007,95.51667552627623
webkb,DM,approximate,empirical,faculty,745,6141,90.66811240557581
webkb,DM,approximate,empirical,project,335,4576,43.54469836503267
webkb,DM,approximate,empirical,course,620,4802,81.55212763790041
webkb,DM,approximate,empirical,student,1085,6007,106.61725639924407
webkb,DM,sklar,empirical,faculty,745,6141,2537.1675081495196
webkb,DM,sklar,empirical,project,335,4576,199.75724359229207
webkb,DM,sklar,empirical,course,620,4802,187.06766545586288
webkb,DM,sklar,empirical,student,1085,6007,68.86812873184681
webkb,DM,vectorized,aposteriori,faculty,745,6141,62.38868713006377
webkb,DM,vectorized,aposteriori,project,335,4576,36.66929948795587
webkb,DM,vectorized,aposteriori,course,620,4802,51.208121022209525
webkb,DM,vectorized,aposteriori,student,1085,6007,108.73643112834543
webkb,DM,approximate,aposteriori,faculty,745,6141,97.45253196544945
webkb,DM,approximate,aposteriori,project,335,4576,48.08907725755125
webkb,DM,approximate,aposteriori,course,620,4802,67.24278496112674
webkb,DM,approximate,aposteriori,student,1085,6007,94.800457556732
webkb,DM,sklar,aposteriori,faculty,745,6141,2428.509236522019
webkb,DM,sklar,aposteriori,project,335,4576,211.00352804828435
webkb,DM,sklar,aposteriori,course,620,4802,243.2023489382118
webkb,DM,sklar,aposteriori,student,1085,6007,91.24914898909628
webkb,BLM,vectorized,None,faculty,745,6141,87.39289226289839
webkb,BLM,vectorized,None,project,335,4576,39.969471984542906
webkb,BLM,vectorized,None,course,620,4802,95.17065216228366
webkb,BLM,vectorized,None,student,1085,6007,125.0166379166767
webkb,BLM,approximate,None,faculty,745,6141,90.46745100338012
webkb,BLM,approximate,None,project,335,4576,63.14440798293799
webkb,BLM,approximate,None,course,620,4802,89.26654188986868
webkb,BLM,approximate,None,student,1085,6007,106.33122033718973
webkb,BLM,sklar,None,faculty,745,6141,3099.667364834808
webkb,BLM,sklar,None,project,335,4576,245.7550809169188
webkb,BLM,sklar,None,course,620,4802,282.21771882567555
webkb,BLM,sklar,None,student,1085,6007,111.84108390845358
webkb,BLM,vectorized,empirical,faculty,745,6141,91.327467716299
webkb,BLM,vectorized,empirical,project,335,4576,48.55811505950987
webkb,BLM,vectorized,empirical,course,620,4802,64.2750536147505
webkb,BLM,vectorized,empirical,student,1085,6007,147.38029924035072
webkb,BLM,approximate,empirical,faculty,745,6141,100.0995186297223
webkb,BLM,approximate,empirical,project,335,4576,41.682133335620165
webkb,BLM,approximate,empirical,course,620,4802,72.3100171322003
webkb,BLM,approximate,empirical,student,1085,6007,92.88824875093997
webkb,BLM,sklar,empirical,faculty,745,6141,3122.297680123709
webkb,BLM,sklar,empirical,project,335,4576,251.481053320691
webkb,BLM,sklar,empirical,course,620,4802,277.5919585451484
webkb,BLM,sklar,empirical,student,1085,6007,116.68287417758256
webkb,BLM,vectorized,aposteriori,faculty,745,6141,133.08003186341375
webkb,BLM,vectorized,aposteriori,project,335,4576,44.66340406984091
webkb,BLM,vectorized,aposteriori,course,620,4802,84.60163712780923
webkb,BLM,vectorized,aposteriori,student,1085,6007,150.00630050897598
webkb,BLM,approximate,aposteriori,faculty,745,6141,79.7017638264224
webkb,BLM,approximate,aposteriori,project,335,4576,57.270657365210354
webkb,BLM,approximate,aposteriori,course,620,4802,74.32459149044007
webkb,BLM,approximate,aposteriori,student,1085,6007,118.68679594807327
webkb,BLM,sklar,aposteriori,faculty,745,6141,3154.416726557538
webkb,BLM,sklar,aposteriori,project,335,4576,226.4160129763186
webkb,BLM,sklar,aposteriori,course,620,4802,318.20548528805375
webkb,BLM,sklar,aposteriori,student,1085,6007,106.11536125466228
r8,DM,vectorized,None,crude,253,3142,20.098954984918237
r8,DM,vectorized,None,earn,2840,7722,181.36186827998608
r8,DM,vectorized,None,grain,41,1283,4.7211641715839505
r8,DM,vectorized,None,trade,251,3079,22.804440532810986
r8,DM,vectorized,None,ship,108,1954,9.234356261789799
r8,DM,vectorized,None,money-fx,206,2368,26.36724559403956
r8,DM,vectorized,None,acq,1596,7853,111.27547158952802
r8,DM,vectorized,None,interest,190,1758,16.8824414703995
r8,DM,approximate,None,crude,253,3142,25.005599818192422
r8,DM,approximate,None,earn,2840,7722,196.14072982780635
r8,DM,approximate,None,grain,41,1283,5.553787392564118
r8,DM,approximate,None,trade,251,3079,31.465169871225953
r8,DM,approximate,None,ship,108,1954,4.651602106168866
r8,DM,approximate,None,money-fx,206,2368,17.51665763836354
r8,DM,approximate,None,acq,1596,7853,155.77157485019416
r8,DM,approximate,None,interest,190,1758,7.477875970304012
r8,DM,sklar,None,crude,253,3142,27.890277318656445
r8,DM,sklar,None,earn,2840,7722,82.92846943531185
r8,DM,sklar,None,grain,41,1283,18.874466260895133
r8,DM,sklar,None,trade,251,3079,35.440211256965995
r8,DM,sklar,None,ship,108,1954,14.654101285152137
r8,DM,sklar,None,money-fx,206,2368,36.96910333726555
r8,DM,sklar,None,acq,1596,7853,88.54085046704859
r8,DM,sklar,None,interest,190,1758,34.9654929600656
r8,DM,vectorized,empirical,crude,253,3142,27.78736411128193
r8,DM,vectorized,empirical,earn,2840,7722,182.04443637654185
r8,DM,vectorized,empirical,grain,41,1283,3.1807221844792366
r8,DM,vectorized,empirical,trade,251,3079,32.61332926899195
r8,DM,vectorized,empirical,ship,108,1954,6.0914743933826685
r8,DM,vectorized,empirical,money-fx,206,2368,19.771369887515903
r8,DM,vectorized,empirical,acq,1596,7853,102.2407745514065
r8,DM,vectorized,empirical,interest,190,1758,16.71340997237712
r8,DM,approximate,empirical,crude,253,3142,24.673003105446696
r8,DM,approximate,empirical,earn,2840,7722,245.08522774558514
r8,DM,approximate,empirical,grain,41,1283,4.921714847907424
r8,DM,approximate,empirical,trade,251,3079,31.865450017154217
r8,DM,approximate,empirical,ship,108,1954,8.470663545653224
r8,DM,approximate,empirical,money-fx,206,2368,23.08869018126279
r8,DM,approximate,empirical,acq,1596,7853,123.78804160375148
r8,DM,approximate,empirical,interest,190,1758,10.54298456106335
r8,DM,sklar,empirical,crude,253,3142,31.744423610158265
r8,DM,sklar,empirical,earn,2840,7722,60.74333799164742
r8,DM,sklar,empirical,grain,41,1283,15.735730528831482
r8,DM,sklar,empirical,trade,251,3079,34.36190572939813
r8,DM,sklar,empirical,ship,108,1954,13.992303011007607
r8,DM,sklar,empirical,money-fx,206,2368,33.787133193574846
r8,DM,sklar,empirical,acq,1596,7853,61.462175181135535
r8,DM,sklar,empirical,interest,190,1758,33.14565395191312
r8,DM,vectorized,aposteriori,crude,253,3142,25.75139754731208
r8,DM,vectorized,aposteriori,earn,2840,7722,173.52671309094876
r8,DM,vectorized,aposteriori,grain,41,1283,4.687109651044011
r8,DM,vectorized,aposteriori,trade,251,3079,30.552292787469923
r8,DM,vectorized,aposteriori,ship,108,1954,9.119212608784437
r8,DM,vectorized,aposteriori,money-fx,206,2368,20.82248831819743
r8,DM,vectorized,aposteriori,acq,1596,7853,115.34453964512795
r8,DM,vectorized,aposteriori,interest,190,1758,16.754065196029842
r8,DM,approximate,aposteriori,crude,253,3142,19.586199243552983
r8,DM,approximate,aposteriori,earn,2840,7722,223.4078931780532
r8,DM,approximate,aposteriori,grain,41,1283,4.487931556999683
r8,DM,approximate,aposteriori,trade,251,3079,27.637102846987545
r8,DM,approximate,aposteriori,ship,108,1954,8.699570475146174
r8,DM,approximate,aposteriori,money-fx,206,2368,22.928756068460643
r8,DM,approximate,aposteriori,acq,1596,7853,126.30630374047905
r8,DM,approximate,aposteriori,interest,190,1758,10.484654360450804
r8,DM,sklar,aposteriori,crude,253,3142,44.3364912411198
r8,DM,sklar,aposteriori,earn,2840,7722,71.01494019664824
r8,DM,sklar,aposteriori,grain,41,1283,22.062096648849547
r8,DM,sklar,aposteriori,trade,251,3079,34.75345428287983
r8,DM,sklar,aposteriori,ship,108,1954,22.350812911987305
r8,DM,sklar,aposteriori,money-fx,206,2368,39.25166170205921
r8,DM,sklar,aposteriori,acq,1596,7853,69.17325395904481
r8,DM,sklar,aposteriori,interest,190,1758,29.472705009393394
r8,BLM,vectorized,None,crude,253,3142,26.762073609046638
r8,BLM,vectorized,None,earn,2840,7722,194.7571871029213
r8,BLM,vectorized,None,grain,41,1283,5.800905903801322
r8,BLM,vectorized,None,trade,251,3079,29.38606799673289
r8,BLM,vectorized,None,ship,108,1954,14.090238989330828
r8,BLM,vectorized,None,money-fx,206,2368,18.408549384213984
r8,BLM,vectorized,None,acq,1596,7853,201.06380397826433
r8,BLM,vectorized,None,interest,190,1758,18.331343186087906
r8,BLM,approximate,None,crude,253,3142,33.520188035443425
r8,BLM,approximate,None,earn,2840,7722,265.21468881797045
r8,BLM,approximate,None,grain,41,1283,5.107588725164533
r8,BLM,approximate,None,trade,251,3079,23.97607224714011
r8,BLM,approximate,None,ship,108,1954,9.90319059882313
r8,BLM,approximate,None,money-fx,206,2368,14.343068201094866
r8,BLM,approximate,None,acq,1596,7853,147.399708237499
r8,BLM,approximate,None,interest,190,1758,15.686419502831995
r8,BLM,sklar,None,crude,253,3142,39.089730315841734
r8,BLM,sklar,None,earn,2840,7722,87.8533242251724
r8,BLM,sklar,None,grain,41,1283,19.907602383755147
r8,BLM,sklar,None,trade,251,3079,57.15854401141405
r8,BLM,sklar,None,ship,108,1954,26.674895373173058
r8,BLM,sklar,None,money-fx,206,2368,43.68967688269913
r8,BLM,sklar,None,acq,1596,7853,111.99025404360145
r8,BLM,sklar,None,interest,190,1758,36.40493054501712
r8,BLM,vectorized,empirical,crude,253,3142,34.55975535046309
r8,BLM,vectorized,empirical,earn,2840,7722,182.83207318838686
r8,BLM,vectorized,empirical,grain,41,1283,5.820466491393745
r8,BLM,vectorized,empirical,trade,251,3079,35.66246978379786
r8,BLM,vectorized,empirical,ship,108,1954,10.209394846111536
r8,BLM,vectorized,empirical,money-fx,206,2368,19.918559411540627
r8,BLM,vectorized,empirical,acq,1596,7853,161.64808888733387
r8,BLM,vectorized,empirical,interest,190,1758,12.278280838392675
r8,BLM,approximate,empirical,crude,253,3142,25.537863414734602
r8,BLM,approximate,empirical,earn,2840,7722,305.33353140670806
r8,BLM,approximate,empirical,grain,41,1283,4.814811632037163
r8,BLM,approximate,empirical,trade,251,3079,27.520465646870434
r8,BLM,approximate,empirical,ship,108,1954,13.302965770475566
r8,BLM,approximate,empirical,money-fx,206,2368,15.65562494378537
r8,BLM,approximate,empirical,acq,1596,7853,151.15065634902567
r8,BLM,approximate,empirical,interest,190,1758,17.605247309431434
r8,BLM,sklar,empirical,crude,253,3142,49.21087352652103
r8,BLM,sklar,empirical,earn,2840,7722,76.49564747791737
r8,BLM,sklar,empirical,grain,41,1283,22.49644762557
r8,BLM,sklar,empirical,trade,251,3079,47.54254255536944
r8,BLM,sklar,empirical,ship,108,1954,27.6234579551965
r8,BLM,sklar,empirical,money-fx,206,2368,43.658408424817026
r8,BLM,sklar,empirical,acq,1596,7853,95.68964904267341
r8,BLM,sklar,empirical,interest,190,1758,26.739425723440945
r8,BLM,vectorized,aposteriori,crude,253,3142,29.43998084962368
r8,BLM,vectorized,aposteriori,earn,2840,7722,282.64822056517005
r8,BLM,vectorized,aposteriori,grain,41,1283,4.852738848887384
r8,BLM,vectorized,aposteriori,trade,251,3079,27.14506635442376
r8,BLM,vectorized,aposteriori,ship,108,1954,8.70446981023997
r8,BLM,vectorized,aposteriori,money-fx,206,2368,14.977376845665276
r8,BLM,vectorized,aposteriori,acq,1596,7853,168.66329976450652
r8,BLM,vectorized,aposteriori,interest,190,1758,17.95674434583634
r8,BLM,approximate,aposteriori,crude,253,3142,20.70126367174089
r8,BLM,approximate,aposteriori,earn,2840,7722,244.64062291383743
r8,BLM,approximate,aposteriori,grain,41,1283,5.4604459861293435
r8,BLM,approximate,aposteriori,trade,251,3079,27.96342045161873
r8,BLM,approximate,aposteriori,ship,108,1954,13.103275388479233
r8,BLM,approximate,aposteriori,money-fx,206,2368,26.332665753550828
r8,BLM,approximate,aposteriori,acq,1596,7853,178.9587833378464
r8,BLM,approximate,aposteriori,interest,190,1758,17.55266096908599
r8,BLM,sklar,aposteriori,crude,253,3142,55.23027232196182
r8,BLM,sklar,aposteriori,earn,2840,7722,80.34155648667365
r8,BLM,sklar,aposteriori,grain,41,1283,17.69516333192587
r8,BLM,sklar,aposteriori,trade,251,3079,68.34496305231005
r8,BLM,sklar,aposteriori,ship,108,1954,21.084359648637474
r8,BLM,sklar,aposteriori,money-fx,206,2368,30.00358368176967
r8,BLM,sklar,aposteriori,acq,1596,7853,102.69284178037196
r8,BLM,sklar,aposteriori,interest,190,1758,26.15609003044665
cade,DM,vectorized,None,03_lazer,3698,39940,2716.1825804533437
cade,DM,vectorized,None,07_internet,1585,21374,923.1900274660438
cade,DM,vectorized,None,12_compras_on_line,423,7877,61.855718959122896
cade,DM,vectorized,None,10_noticias,701,16606,316.693128422834
cade,DM,vectorized,None,06_educacao,1912,25740,1377.901945648715
cade,DM,vectorized,None,09_esportes,1277,18386,629.1013585850596
cade,DM,vectorized,None,04_informatica,2983,30846,2157.6344733079895
cade,DM,vectorized,None,08_cultura,1494,34369,1923.0015480900183
cade,DM,vectorized,None,05_saude,2118,28675,1644.4501330954954
cade,DM,vectorized,None,11_ciencias,569,15502,232.30443012714386
cade,DM,vectorized,None,01_servicos,5627,39529,3266.084988896735
cade,DM,vectorized,None,02_sociedade,4935,71387,4410.975712532178
cade,DM,approximate,None,03_lazer,3698,39940,2634.896367408335
cade,DM,approximate,None,07_internet,1585,21374,943.8611029302701
cade,DM,approximate,None,12_compras_on_line,423,7877,71.72887620143592
cade,DM,approximate,None,10_noticias,701,16606,333.06841614469886
cade,DM,approximate,None,06_educacao,1912,25740,1398.5926075978205
cade,DM,approximate,None,09_esportes,1277,18386,581.445920179598
cade,DM,approximate,None,04_informatica,2983,30846,2097.1732311528176
cade,DM,approximate,None,08_cultura,1494,34369,1381.7214948181063
cade,DM,approximate,None,05_saude,2118,28675,1684.431216285564
cade,DM,approximate,None,11_ciencias,569,15502,229.84189219307154
cade,DM,approximate,None,01_servicos,5627,39529,3204.302228943445
cade,DM,approximate,None,02_sociedade,4935,71387,3940.4932473460212
cade,DM,sklar,None,03_lazer,3698,39940,16497.493615729734
cade,DM,sklar,None,07_internet,1585,21374,14411.817492109723
cade,DM,sklar,None,12_compras_on_line,423,7877,698.7707160776481
cade,DM,sklar,None,10_noticias,701,16606,3825.7113143298775
cade,DM,sklar,None,06_educacao,1912,25740,9615.853454440832
cade,DM,sklar,None,09_esportes,1277,18386,2973.4818642800674
cade,DM,sklar,None,04_informatica,2983,30846,21020.035123693757
cade,DM,sklar,None,08_cultura,1494,34369,16662.981648934074
cade,DM,sklar,None,05_saude,2118,28675,11203.46267545782
cade,DM,sklar,None,11_ciencias,569,15502,2537.1330743627623
cade,DM,sklar,None,01_servicos,5627,39529,16463.601418775506
cade,DM,sklar,None,02_sociedade,4935,71387,33511.646632473916
cade,DM,vectorized,empirical,03_lazer,3698,39940,2857.40402217675
cade,DM,vectorized,empirical,07_internet,1585,21374,973.5911267613992
cade,DM,vectorized,empirical,12_compras_on_line,423,7877,72.13410520739853
cade,DM,vectorized,empirical,10_noticias,701,16606,324.6276552481577
cade,DM,vectorized,empirical,06_educacao,1912,25740,1460.8229263145477
cade,DM,vectorized,empirical,09_esportes,1277,18386,616.1225180448964
cade,DM,vectorized,empirical,04_informatica,2983,30846,2257.9038765262812
cade,DM,vectorized,empirical,08_cultura,1494,34369,1973.347945438698
cade,DM,vectorized,empirical,05_saude,2118,28675,1821.138890268281
cade,DM,vectorized,empirical,11_ciencias,569,15502,276.8835266409442
cade,DM,vectorized,empirical,01_servicos,5627,39529,3292.2995467130095
cade,DM,vectorized,empirical,02_sociedade,4935,71387,4624.423954980448
cade,DM,approximate,empirical,03_lazer,3698,39940,2627.473328702152
cade,DM,approximate,empirical,07_internet,1585,21374,974.7093736017123
cade,DM,approximate,empirical,12_compras_on_line,423,7877,70.18399826437235
cade,DM,approximate,empirical,10_noticias,701,16606,338.31070407573134
cade,DM,approximate,empirical,06_educacao,1912,25740,1440.9667844967917
cade,DM,approximate,empirical,09_esportes,1277,18386,632.7537673963234
cade,DM,approximate,empirical,04_informatica,2983,30846,1977.460668394342
cade,DM,approximate,empirical,08_cultura,1494,34369,1406.713048714213
cade,DM,approximate,empirical,05_saude,2118,28675,1698.2145785866305
cade,DM,approximate,empirical,11_ciencias,569,15502,245.32301940768957
cade,DM,approximate,empirical,01_servicos,5627,39529,3219.7016826840118
cade,DM,approximate,empirical,02_sociedade,4935,71387,3871.700823080726
cade,DM,sklar,empirical,03_lazer,3698,39940,8147.519228086807
cade,DM,sklar,empirical,07_internet,1585,21374,7118.0718793859705
cade,DM,sklar,empirical,12_compras_on_line,423,7877,311.168680309318
cade,DM,sklar,empirical,10_noticias,701,16606,1683.8775170100853
cade,DM,sklar,empirical,06_educacao,1912,25740,4428.213444755413
cade,DM,sklar,empirical,09_esportes,1277,18386,1316.7113739205524
cade,DM,sklar,empirical,04_informatica,2983,30846,11889.30800510943
cade,DM,sklar,empirical,08_cultura,1494,34369,8270.434365649708
cade,DM,sklar,empirical,05_saude,2118,28675,5206.742564149201
cade,DM,sklar,empirical,11_ciencias,569,15502,1138.516131020151
cade,DM,sklar,empirical,01_servicos,5627,39529,8525.666549133137
cade,DM,sklar,empirical,02_sociedade,4935,71387,20368.03306897916
cade,DM,vectorized,aposteriori,03_lazer,3698,39940,998.6281710611656
cade,DM,vectorized,aposteriori,07_internet,1585,21374,263.00486289709806
cade,DM,vectorized,aposteriori,12_compras_on_line,423,7877,31.82712194044143
cade,DM,vectorized,aposteriori,10_noticias,701,16606,100.38206420652568
cade,DM,vectorized,aposteriori,06_educacao,1912,25740,367.6294635767117
cade,DM,vectorized,aposteriori,09_esportes,1277,18386,180.8864647038281
cade,DM,vectorized,aposteriori,04_informatica,2983,30846,631.283907584846
cade,DM,vectorized,aposteriori,08_cultura,1494,34369,406.69047749228776
cade,DM,vectorized,aposteriori,05_saude,2118,28675,435.5292681520805
cade,DM,vectorized,aposteriori,11_ciencias,569,15502,81.23058498743922
cade,DM,vectorized,aposteriori,01_servicos,5627,39529,1398.2353867013007
cade,DM,vectorized,aposteriori,02_sociedade,4935,71387,2313.256565125659
cade,DM,approximate,aposteriori,03_lazer,3698,39940,995.4732687715441
cade,DM,approximate,aposteriori,07_internet,1585,21374,255.60411324817687
cade,DM,approximate,aposteriori,12_compras_on_line,423,7877,30.591869024559855
cade,DM,approximate,aposteriori,10_noticias,701,16606,98.51225337292999
cade,DM,approximate,aposteriori,06_educacao,1912,25740,355.8249333705753
cade,DM,approximate,aposteriori,09_esportes,1277,18386,179.27364235557616
cade,DM,approximate,aposteriori,04_informatica,2983,30846,625.9628267968073
cade,DM,approximate,aposteriori,08_cultura,1494,34369,261.8738973690197
cade,DM,approximate,aposteriori,05_saude,2118,28675,426.28140575345606
cade,DM,approximate,aposteriori,11_ciencias,569,15502,77.56392937712371
cade,DM,approximate,aposteriori,01_servicos,5627,39529,1408.890853500925
cade,DM,approximate,aposteriori,02_sociedade,4935,71387,2092.8915547374636
cade,DM,sklar,aposteriori,03_lazer,3698,39940,7986.919682683423
cade,DM,sklar,aposteriori,07_internet,1585,21374,7102.344306294806
cade,DM,sklar,aposteriori,12_compras_on_line,423,7877,310.7658295016736
cade,DM,sklar,aposteriori,10_noticias,701,16606,1663.35352733545
cade,DM,sklar,aposteriori,06_educacao,1912,25740,4305.721988230012
cade,DM,sklar,aposteriori,09_esportes,1277,18386,1294.2882543690503
cade,DM,sklar,aposteriori,04_informatica,2983,30846,11570.4873998072
cade,DM,sklar,aposteriori,08_cultura,1494,34369,8135.783172317781
cade,DM,sklar,aposteriori,05_saude,2118,28675,5152.965443949215
cade,DM,sklar,aposteriori,11_ciencias,569,15502,1116.4393690936267
cade,DM,sklar,aposteriori,01_servicos,5627,39529,8089.019917846657
cade,DM,sklar,aposteriori,02_sociedade,4935,71387,19748.30375342816
cade,BLM,vectorized,None,03_lazer,3698,39940,1033.228544889018
cade,BLM,vectorized,None,07_internet,1585,21374,272.92966955993325
cade,BLM,vectorized,None,12_compras_on_line,423,7877,34.0648380946368
cade,BLM,vectorized,None,10_noticias,701,16606,105.38150087930262
cade,BLM,vectorized,None,06_educacao,1912,25740,372.76755915861577
cade,BLM,vectorized,None,09_esportes,1277,18386,191.34457858186215
cade,BLM,vectorized,None,04_informatica,2983,30846,656.2706565205008
cade,BLM,vectorized,None,08_cultura,1494,34369,423.26766285393387
cade,BLM,vectorized,None,05_saude,2118,28675,455.88363822642714
cade,BLM,vectorized,None,11_ciencias,569,15502,84.34415265265852
cade,BLM,vectorized,None,01_servicos,5627,39529,1461.035491223447
cade,BLM,vectorized,None,02_sociedade,4935,71387,2353.7994155725464
cade,BLM,approximate,None,03_lazer,3698,39940,1023.9162693973631
cade,BLM,approximate,None,07_internet,1585,21374,265.1506339982152
cade,BLM,approximate,None,12_compras_on_line,423,7877,32.87221668288112
cade,BLM,approximate,None,10_noticias,701,16606,102.93363271094859
cade,BLM,approximate,None,06_educacao,1912,25740,368.929041987285
cade,BLM,approximate,None,09_esportes,1277,18386,186.45034934859723
cade,BLM,approximate,None,04_informatica,2983,30846,646.1201934348792
cade,BLM,approximate,None,08_cultura,1494,34369,413.3139613484964
cade,BLM,approximate,None,05_saude,2118,28675,441.2625551838428
cade,BLM,approximate,None,11_ciencias,569,15502,83.96210909821093
cade,BLM,approximate,None,01_servicos,5627,39529,1444.7483474966139
cade,BLM,approximate,None,02_sociedade,4935,71387,2335.567233145237
cade,BLM,sklar,None,03_lazer,3698,39940,8053.395159129053
cade,BLM,sklar,None,07_internet,1585,21374,7086.663067115471
cade,BLM,sklar,None,12_compras_on_line,423,7877,316.48910697363317
cade,BLM,sklar,None,10_noticias,701,16606,1632.4150297613814
cade,BLM,sklar,None,06_educacao,1912,25740,4270.971555288881
cade,BLM,sklar,None,09_esportes,1277,18386,1262.8722129520029
cade,BLM,sklar,None,04_informatica,2983,30846,11564.502131637186
cade,BLM,sklar,None,08_cultura,1494,34369,8279.534029066563
cade,BLM,sklar,None,05_saude,2118,28675,5204.7530113058165
cade,BLM,sklar,None,11_ciencias,569,15502,1128.9116844013333
cade,BLM,sklar,None,01_servicos,5627,39529,8210.028265220113
cade,BLM,sklar,None,02_sociedade,4935,71387,19858.292493210174
cade,BLM,vectorized,empirical,03_lazer,3698,39940,1030.667696272023
cade,BLM,vectorized,empirical,07_internet,1585,21374,272.15715599246323
cade,BLM,vectorized,empirical,12_compras_on_line,423,7877,33.48437712714076
cade,BLM,vectorized,empirical,10_noticias,701,16606,105.80347350612283
cade,BLM,vectorized,empirical,06_educacao,1912,25740,369.4373813411221
cade,BLM,vectorized,empirical,09_esportes,1277,18386,191.33004003576934
cade,BLM,vectorized,empirical,04_informatica,2983,30846,652.8999915635213
cade,BLM,vectorized,empirical,08_cultura,1494,34369,417.98731628619134
cade,BLM,vectorized,empirical,05_saude,2118,28675,448.00523871649057
cade,BLM,vectorized,empirical,11_ciencias,569,15502,84.84466225188226
cade,BLM,vectorized,empirical,01_servicos,5627,39529,1437.1712004002184
cade,BLM,vectorized,empirical,02_sociedade,4935,71387,2364.18104285188
cade,BLM,approximate,empirical,03_lazer,3698,39940,1043.5588225433603
cade,BLM,approximate,empirical,07_internet,1585,21374,266.1016502045095
cade,BLM,approximate,empirical,12_compras_on_line,423,7877,32.497768415138125
cade,BLM,approximate,empirical,10_noticias,701,16606,102.52246352378279
cade,BLM,approximate,empirical,06_educacao,1912,25740,373.9987485324964
cade,BLM,approximate,empirical,09_esportes,1277,18386,187.90984416007996
cade,BLM,approximate,empirical,04_informatica,2983,30846,653.9533210732043
cade,BLM,approximate,empirical,08_cultura,1494,34369,417.3425767403096
cade,BLM,approximate,empirical,05_saude,2118,28675,447.303696885705
cade,BLM,approximate,empirical,11_ciencias,569,15502,83.17879864573479
cade,BLM,approximate,empirical,01_servicos,5627,39529,1444.7281393446028
cade,BLM,approximate,empirical,02_sociedade,4935,71387,2333.902380255051
cade,BLM,sklar,empirical,03_lazer,3698,39940,8015.062555780634
cade,BLM,sklar,empirical,07_internet,1585,21374,7128.409197243862
cade,BLM,sklar,empirical,12_compras_on_line,423,7877,317.5759829832241
cade,BLM,sklar,empirical,10_noticias,701,16606,1643.6506654601544
cade,BLM,sklar,empirical,06_educacao,1912,25740,4314.1631751982495
cade,BLM,sklar,empirical,09_esportes,1277,18386,1259.028381398879
cade,BLM,sklar,empirical,04_informatica,2983,30846,11497.352548261173
cade,BLM,sklar,empirical,08_cultura,1494,34369,8221.419945805334
cade,BLM,sklar,empirical,05_saude,2118,28675,5207.909988720901
cade,BLM,sklar,empirical,11_ciencias,569,15502,1137.2084980644286
cade,BLM,sklar,empirical,01_servicos,5627,39529,8208.353783320636
cade,BLM,sklar,empirical,02_sociedade,4935,71387,19824.724040706642
cade,BLM,vectorized,aposteriori,03_lazer,3698,39940,1033.022225856781
cade,BLM,vectorized,aposteriori,07_internet,1585,21374,270.6493522301316
cade,BLM,vectorized,aposteriori,12_compras_on_line,423,7877,33.674120345152915
cade,BLM,vectorized,aposteriori,10_noticias,701,16606,104.30594468396157
cade,BLM,vectorized,aposteriori,06_educacao,1912,25740,375.9444419685751
cade,BLM,vectorized,aposteriori,09_esportes,1277,18386,191.8429657816887
cade,BLM,vectorized,aposteriori,04_informatica,2983,30846,665.0783459097147
cade,BLM,vectorized,aposteriori,08_cultura,1494,34369,421.5528536727652
cade,BLM,vectorized,aposteriori,05_saude,2118,28675,455.0061964644119
cade,BLM,vectorized,aposteriori,11_ciencias,569,15502,84.14690590463579
cade,BLM,vectorized,aposteriori,01_servicos,5627,39529,1460.713013398461
cade,BLM,vectorized,aposteriori,02_sociedade,4935,71387,2359.6210387367755
cade,BLM,approximate,aposteriori,03_lazer,3698,39940,1028.2664105352014
cade,BLM,approximate,aposteriori,07_internet,1585,21374,266.28645050525665
cade,BLM,approximate,aposteriori,12_compras_on_line,423,7877,32.67184942495078
cade,BLM,approximate,aposteriori,10_noticias,701,16606,102.08258436433971
cade,BLM,approximate,aposteriori,06_educacao,1912,25740,369.50829311739653
cade,BLM,approximate,aposteriori,09_esportes,1277,18386,187.74483921471983
cade,BLM,approximate,aposteriori,04_informatica,2983,30846,652.0459423577413
cade,BLM,approximate,aposteriori,08_cultura,1494,34369,420.22145774401724
cade,BLM,approximate,aposteriori,05_saude,2118,28675,444.5924500655383
cade,BLM,approximate,aposteriori,11_ciencias,569,15502,81.39797646086663
cade,BLM,approximate,aposteriori,01_servicos,5627,39529,1440.403202449903
cade,BLM,approximate,aposteriori,02_sociedade,4935,71387,2341.045192406513
cade,BLM,sklar,aposteriori,03_lazer,3698,39940,8060.833899485879
cade,BLM,sklar,aposteriori,07_internet,1585,21374,7126.44796906691
cade,BLM,sklar,aposteriori,12_compras_on_line,423,7877,316.6182704837993
cade,BLM,sklar,aposteriori,10_noticias,701,16606,1645.420460794121
cade,BLM,sklar,aposteriori,06_educacao,1912,25740,4265.743316020817
cade,BLM,sklar,aposteriori,09_esportes,1277,18386,1272.6310918359086
cade,BLM,sklar,aposteriori,04_informatica,2983,30846,11581.971315039322
cade,BLM,sklar,aposteriori,08_cultura,1494,34369,8275.30790419411
cade,BLM,sklar,aposteriori,05_saude,2118,28675,5228.836301541887
cade,BLM,sklar,aposteriori,11_ciencias,569,15502,1133.2870561517775
cade,BLM,sklar,aposteriori,01_servicos,5627,39529,8241.76237105485
cade,BLM,sklar,aposteriori,02_sociedade,4935,71387,19852.452704689465
20ng,DM,vectorized,None,sci.med,594,10102,54.42996131721884
20ng,DM,vectorized,None,comp.os.ms-windows.misc,572,5765,46.36344074923545
20ng,DM,vectorized,None,rec.autos,594,7180,50.02636376116425
20ng,DM,vectorized,None,soc.religion.christian,598,8474,53.94412014260888
20ng,DM,vectorized,None,comp.sys.mac.hardware,578,5913,38.03438132535666
20ng,DM,vectorized,None,sci.space,593,9414,52.15658467076719
20ng,DM,vectorized,None,comp.graphics,584,8043,48.982690654695034
20ng,DM,vectorized,None,sci.electronics,591,6910,42.653387835249305
20ng,DM,vectorized,None,comp.sys.ibm.pc.hardware,590,6592,30.50231539644301
20ng,DM,vectorized,None,talk.politics.mideast,564,10273,61.59967860393226
20ng,DM,vectorized,None,misc.forsale,585,7071,36.311105309054255
20ng,DM,vectorized,None,talk.politics.guns,545,8067,49.85177738778293
20ng,DM,vectorized,None,rec.motorcycles,598,7289,38.20676289498806
20ng,DM,vectorized,None,rec.sport.hockey,600,7781,56.22931579127908
20ng,DM,vectorized,None,alt.atheism,480,7149,51.5873562162742
20ng,DM,vectorized,None,talk.religion.misc,377,7481,55.96670538932085
20ng,DM,vectorized,None,rec.sport.baseball,597,6354,32.705077331513166
20ng,DM,vectorized,None,sci.crypt,595,8498,61.92888185661286
20ng,DM,vectorized,None,talk.politics.misc,465,8284,60.94782635103911
20ng,DM,vectorized,None,comp.windows.x,593,8360,61.575275760143995
20ng,DM,approximate,None,sci.med,594,10102,76.00603549182415
20ng,DM,approximate,None,comp.os.ms-windows.misc,572,5765,40.082208916544914
20ng,DM,approximate,None,rec.autos,594,7180,57.45164039731026
20ng,DM,approximate,None,soc.religion.christian,598,8474,73.5469764098525
20ng,DM,approximate,None,comp.sys.mac.hardware,578,5913,61.77071609534323
20ng,DM,approximate,None,sci.space,593,9414,72.8803151641041
20ng,DM,approximate,None,comp.graphics,584,8043,57.03613528981805
20ng,DM,approximate,None,sci.electronics,591,6910,51.60753902606666
20ng,DM,approximate,None,comp.sys.ibm.pc.hardware,590,6592,62.493608608841896
20ng,DM,approximate,None,talk.politics.mideast,564,10273,86.3013409068808
20ng,DM,approximate,None,misc.forsale,585,7071,48.390330023132265
20ng,DM,approximate,None,talk.politics.guns,545,8067,69.0814588656649
20ng,DM,approximate,None,rec.motorcycles,598,7289,55.58814439922571
20ng,DM,approximate,None,rec.sport.hockey,600,7781,64.61497224587947
20ng,DM,approximate,None,alt.atheism,480,7149,55.04389669839293
20ng,DM,approximate,None,talk.religion.misc,377,7481,61.34320482797921
20ng,DM,approximate,None,rec.sport.baseball,597,6354,54.68417134787887
20ng,DM,approximate,None,sci.crypt,595,8498,76.1157383788377
20ng,DM,approximate,None,talk.politics.misc,465,8284,79.27330236881971
20ng,DM,approximate,None,comp.windows.x,593,8360,51.56403245124966
20ng,DM,sklar,None,sci.med,594,10102,441.80958923045546
20ng,DM,sklar,None,comp.os.ms-windows.misc,572,5765,172.0698417443782
20ng,DM,sklar,None,rec.autos,594,7180,296.30058415513486
20ng,DM,sklar,None,soc.religion.christian,598,8474,158.99568415433168
20ng,DM,sklar,None,comp.sys.mac.hardware,578,5913,411.18988431990147
20ng,DM,sklar,None,sci.space,593,9414,450.231648132205
20ng,DM,sklar,None,comp.graphics,584,8043,624.5640460001305
20ng,DM,sklar,None,sci.electronics,591,6910,644.3313508601859
20ng,DM,sklar,None,comp.sys.ibm.pc.hardware,590,6592,197.05818255152553
20ng,DM,sklar,None,talk.politics.mideast,564,10273,645.5053862184286
20ng,DM,sklar,None,misc.forsale,585,7071,121.13051974121481
20ng,DM,sklar,None,talk.politics.guns,545,8067,577.4099431689829
20ng,DM,sklar,None,rec.motorcycles,598,7289,296.626142302528
20ng,DM,sklar,None,rec.sport.hockey,600,7781,786.8062196178362
20ng,DM,sklar,None,alt.atheism,480,7149,526.960279205814
20ng,DM,sklar,None,talk.religion.misc,377,7481,365.62972554191947
20ng,DM,sklar,None,rec.sport.baseball,597,6354,103.71937992610037
20ng,DM,sklar,None,sci.crypt,595,8498,681.2474684743211
20ng,DM,sklar,None,talk.politics.misc,465,8284,583.3317387392744
20ng,DM,sklar,None,comp.windows.x,593,8360,817.6559090316296
20ng,DM,vectorized,empirical,sci.med,594,10102,53.7091579856351
20ng,DM,vectorized,empirical,comp.os.ms-windows.misc,572,5765,48.5916206613183
20ng,DM,vectorized,empirical,rec.autos,594,7180,49.12225591018796
20ng,DM,vectorized,empirical,soc.religion.christian,598,8474,55.90346967615187
20ng,DM,vectorized,empirical,comp.sys.mac.hardware,578,5913,39.40467361174524
20ng,DM,vectorized,empirical,sci.space,593,9414,52.43454998638481
20ng,DM,vectorized,empirical,comp.graphics,584,8043,44.623940508812666
20ng,DM,vectorized,empirical,sci.electronics,591,6910,42.81945532094687
20ng,DM,vectorized,empirical,comp.sys.ibm.pc.hardware,590,6592,30.4976899176836
20ng,DM,vectorized,empirical,talk.politics.mideast,564,10273,67.74949326459318
20ng,DM,vectorized,empirical,misc.forsale,585,7071,37.36797884013504
20ng,DM,vectorized,empirical,talk.politics.guns,545,8067,49.50639240536839
20ng,DM,vectorized,empirical,rec.motorcycles,598,7289,37.620095514692366
20ng,DM,vectorized,empirical,rec.sport.hockey,600,7781,56.117333200760186
20ng,DM,vectorized,empirical,alt.atheism,480,7149,51.62800453044474
20ng,DM,vectorized,empirical,talk.religion.misc,377,7481,57.496892967261374
20ng,DM,vectorized,empirical,rec.sport.baseball,597,6354,36.68965008016676
20ng,DM,vectorized,empirical,sci.crypt,595,8498,62.111443158239126
20ng,DM,vectorized,empirical,talk.politics.misc,465,8284,51.87834111973643
20ng,DM,vectorized,empirical,comp.windows.x,593,8360,61.85518408752978
20ng,DM,approximate,empirical,sci.med,594,10102,75.55525255855173
20ng,DM,approximate,empirical,comp.os.ms-windows.misc,572,5765,59.64680822659284
20ng,DM,approximate,empirical,rec.autos,594,7180,56.25079382490367
20ng,DM,approximate,empirical,soc.religion.christian,598,8474,72.49389633908868
20ng,DM,approximate,empirical,comp.sys.mac.hardware,578,5913,42.662744702771306
20ng,DM,approximate,empirical,sci.space,593,9414,72.804064062424
20ng,DM,approximate,empirical,comp.graphics,584,8043,71.03031899780035
20ng,DM,approximate,empirical,sci.electronics,591,6910,52.16301198024303
20ng,DM,approximate,empirical,comp.sys.ibm.pc.hardware,590,6592,47.80713482387364
20ng,DM,approximate,empirical,talk.politics.mideast,564,10273,99.95650215540081
20ng,DM,approximate,empirical,misc.forsale,585,7071,48.946158048696816
20ng,DM,approximate,empirical,talk.politics.guns,545,8067,67.20454734191298
20ng,DM,approximate,empirical,rec.motorcycles,598,7289,56.41056456044316
20ng,DM,approximate,empirical,rec.sport.hockey,600,7781,66.10489867348224
20ng,DM,approximate,empirical,alt.atheism,480,7149,55.26715760678053
20ng,DM,approximate,empirical,talk.religion.misc,377,7481,62.22313879057765
20ng,DM,approximate,empirical,rec.sport.baseball,597,6354,52.35713609494269
20ng,DM,approximate,empirical,sci.crypt,595,8498,76.39937871694565
20ng,DM,approximate,empirical,talk.politics.misc,465,8284,63.28001203201711
20ng,DM,approximate,empirical,comp.windows.x,593,8360,52.348748011514544
20ng,DM,sklar,empirical,sci.med,594,10102,451.0712762745097
20ng,DM,sklar,empirical,comp.os.ms-windows.misc,572,5765,172.04971331264824
20ng,DM,sklar,empirical,rec.autos,594,7180,298.819174727425
20ng,DM,sklar,empirical,soc.religion.christian,598,8474,164.3576663089916
20ng,DM,sklar,empirical,comp.sys.mac.hardware,578,5913,413.45249688997865
20ng,DM,sklar,empirical,sci.space,593,9414,451.2947020139545
20ng,DM,sklar,empirical,comp.graphics,584,8043,625.288473685272
20ng,DM,sklar,empirical,sci.electronics,591,6910,646.4210158046335
20ng,DM,sklar,empirical,comp.sys.ibm.pc.hardware,590,6592,194.90655435621738
20ng,DM,sklar,empirical,talk.politics.mideast,564,10273,690.1558991288766
20ng,DM,sklar,empirical,misc.forsale,585,7071,121.20831879694015
20ng,DM,sklar,empirical,talk.politics.guns,545,8067,555.5997175415978
20ng,DM,sklar,empirical,rec.motorcycles,598,7289,294.1621937714517
20ng,DM,sklar,empirical,rec.sport.hockey,600,7781,789.1428459938616
20ng,DM,sklar,empirical,alt.atheism,480,7149,541.0840314636007
20ng,DM,sklar,empirical,talk.religion.misc,377,7481,364.8599461186677
20ng,DM,sklar,empirical,rec.sport.baseball,597,6354,102.75097206793725
20ng,DM,sklar,empirical,sci.crypt,595,8498,683.010396647267
20ng,DM,sklar,empirical,talk.politics.misc,465,8284,533.6511485688388
20ng,DM,sklar,empirical,comp.windows.x,593,8360,810.2286796411499
20ng,DM,vectorized,aposteriori,sci.med,594,10102,54.287733770906925
20ng,DM,vectorized,aposteriori,comp.os.ms-windows.misc,572,5765,33.6980109969154
20ng,DM,vectorized,aposteriori,rec.autos,594,7180,48.95047259144485
20ng,DM,vectorized,aposteriori,soc.religion.christian,598,8474,52.685646725818515
20ng,DM,vectorized,aposteriori,comp.sys.mac.hardware,578,5913,38.422950726002455
20ng,DM,vectorized,aposteriori,sci.space,593,9414,52.611950061284006
20ng,DM,vectorized,aposteriori,comp.graphics,584,8043,37.720260018482804
20ng,DM,vectorized,aposteriori,sci.electronics,591,6910,42.66159943025559
20ng,DM,vectorized,aposteriori,comp.sys.ibm.pc.hardware,590,6592,29.71436800993979
20ng,DM,vectorized,aposteriori,talk.politics.mideast,564,10273,70.43227464146912
20ng,DM,vectorized,aposteriori,misc.forsale,585,7071,36.90124977007508
20ng,DM,vectorized,aposteriori,talk.politics.guns,545,8067,48.38909013289958
20ng,DM,vectorized,aposteriori,rec.motorcycles,598,7289,37.689038747921586
20ng,DM,vectorized,aposteriori,rec.sport.hockey,600,7781,55.359309170395136
20ng,DM,vectorized,aposteriori,alt.atheism,480,7149,61.51584961730987
20ng,DM,vectorized,aposteriori,talk.religion.misc,377,7481,55.06950312387198
20ng,DM,vectorized,aposteriori,rec.sport.baseball,597,6354,32.386707585304976
20ng,DM,vectorized,aposteriori,sci.crypt,595,8498,61.465821717865765
20ng,DM,vectorized,aposteriori,talk.politics.misc,465,8284,61.84910278208554
20ng,DM,vectorized,aposteriori,comp.windows.x,593,8360,62.25954956188798
20ng,DM,approximate,aposteriori,sci.med,594,10102,73.78560848440975
20ng,DM,approximate,aposteriori,comp.os.ms-windows.misc,572,5765,39.458912402391434
20ng,DM,approximate,aposteriori,rec.autos,594,7180,56.89390537701547
20ng,DM,approximate,aposteriori,soc.religion.christian,598,8474,72.58999391552061
20ng,DM,approximate,aposteriori,comp.sys.mac.hardware,578,5913,41.614113367162645
20ng,DM,approximate,aposteriori,sci.space,593,9414,71.36106831766665
20ng,DM,approximate,aposteriori,comp.graphics,584,8043,69.91738270130008
20ng,DM,approximate,aposteriori,sci.electronics,591,6910,52.32732265628874
20ng,DM,approximate,aposteriori,comp.sys.ibm.pc.hardware,590,6592,47.42924440279603
20ng,DM,approximate,aposteriori,talk.politics.mideast,564,10273,96.64329435210675
20ng,DM,approximate,aposteriori,misc.forsale,585,7071,47.415842674672604
20ng,DM,approximate,aposteriori,talk.politics.guns,545,8067,66.90682013519108
20ng,DM,approximate,aposteriori,rec.motorcycles,598,7289,56.401710668578744
20ng,DM,approximate,aposteriori,rec.sport.hockey,600,7781,64.26112410519272
20ng,DM,approximate,aposteriori,alt.atheism,480,7149,68.04143449198455
20ng,DM,approximate,aposteriori,talk.religion.misc,377,7481,44.38693576771766
20ng,DM,approximate,aposteriori,rec.sport.baseball,597,6354,53.24971965607256
20ng,DM,approximate,aposteriori,sci.crypt,595,8498,75.74795687757432
20ng,DM,approximate,aposteriori,talk.politics.misc,465,8284,75.86283500865102
20ng,DM,approximate,aposteriori,comp.windows.x,593,8360,51.78710783459246
20ng,DM,sklar,aposteriori,sci.med,594,10102,419.6286126198247
20ng,DM,sklar,aposteriori,comp.os.ms-windows.misc,572,5765,108.47526342049241
20ng,DM,sklar,aposteriori,rec.autos,594,7180,275.1880861520767
20ng,DM,sklar,aposteriori,soc.religion.christian,598,8474,162.92756768129766
20ng,DM,sklar,aposteriori,comp.sys.mac.hardware,578,5913,405.5653674863279
20ng,DM,sklar,aposteriori,sci.space,593,9414,465.62538820598274
20ng,DM,sklar,aposteriori,comp.graphics,584,8043,628.383487100713
20ng,DM,sklar,aposteriori,sci.electronics,591,6910,639.6761945290491
20ng,DM,sklar,aposteriori,comp.sys.ibm.pc.hardware,590,6592,193.82383806444705
20ng,DM,sklar,aposteriori,talk.politics.mideast,564,10273,687.5742299864069
20ng,DM,sklar,aposteriori,misc.forsale,585,7071,120.19257383979857
20ng,DM,sklar,aposteriori,talk.politics.guns,545,8067,553.4577814405784
20ng,DM,sklar,aposteriori,rec.motorcycles,598,7289,275.9141912255436
20ng,DM,sklar,aposteriori,rec.sport.hockey,600,7781,786.7565510366112
20ng,DM,sklar,aposteriori,alt.atheism,480,7149,566.8954140441492
20ng,DM,sklar,aposteriori,talk.religion.misc,377,7481,318.3921866901219
20ng,DM,sklar,aposteriori,rec.sport.baseball,597,6354,101.16305909492075
20ng,DM,sklar,aposteriori,sci.crypt,595,8498,680.3610367020592
20ng,DM,sklar,aposteriori,talk.politics.misc,465,8284,585.1880440786481
20ng,DM,sklar,aposteriori,comp.windows.x,593,8360,819.6610469622537
20ng,BLM,vectorized,None,sci.med,594,10102,79.82452577725053
20ng,BLM,vectorized,None,comp.os.ms-windows.misc,572,5765,67.14295980893075
20ng,BLM,vectorized,None,rec.autos,594,7180,62.30946835782379
20ng,BLM,vectorized,None,soc.religion.christian,598,8474,79.03771528508514
20ng,BLM,vectorized,None,comp.sys.mac.hardware,578,5913,48.186689923517406
20ng,BLM,vectorized,None,sci.space,593,9414,77.98490281775594
20ng,BLM,vectorized,None,comp.graphics,584,8043,77.53237897343934
20ng,BLM,vectorized,None,sci.electronics,591,6910,57.02911129500717
20ng,BLM,vectorized,None,comp.sys.ibm.pc.hardware,590,6592,53.38110185042024
20ng,BLM,vectorized,None,talk.politics.mideast,564,10273,87.26811729371548
20ng,BLM,vectorized,None,misc.forsale,585,7071,52.414776334539056
20ng,BLM,vectorized,None,talk.politics.guns,545,8067,72.8192194281146
20ng,BLM,vectorized,None,rec.motorcycles,598,7289,60.63045311626047
20ng,BLM,vectorized,None,rec.sport.hockey,600,7781,70.2446617167443
20ng,BLM,vectorized,None,alt.atheism,480,7149,58.68213708419353
20ng,BLM,vectorized,None,talk.religion.misc,377,7481,49.48055723961443
20ng,BLM,vectorized,None,rec.sport.baseball,597,6354,57.48559536226094
20ng,BLM,vectorized,None,sci.crypt,595,8498,67.09270997345448
20ng,BLM,vectorized,None,talk.politics.misc,465,8284,83.40573569573462
20ng,BLM,vectorized,None,comp.windows.x,593,8360,68.37137563340366
20ng,BLM,approximate,None,sci.med,594,10102,79.26490700338036
20ng,BLM,approximate,None,comp.os.ms-windows.misc,572,5765,46.418101120740175
20ng,BLM,approximate,None,rec.autos,594,7180,61.094340465031564
20ng,BLM,approximate,None,soc.religion.christian,598,8474,76.83799831569195
20ng,BLM,approximate,None,comp.sys.mac.hardware,578,5913,48.297083956189454
20ng,BLM,approximate,None,sci.space,593,9414,76.80231277551502
20ng,BLM,approximate,None,comp.graphics,584,8043,77.07124363351613
20ng,BLM,approximate,None,sci.electronics,591,6910,56.295097790658474
20ng,BLM,approximate,None,comp.sys.ibm.pc.hardware,590,6592,52.62166806124151
20ng,BLM,approximate,None,talk.politics.mideast,564,10273,103.43706158362329
20ng,BLM,approximate,None,misc.forsale,585,7071,50.16206119954586
20ng,BLM,approximate,None,talk.politics.guns,545,8067,71.2159331375733
20ng,BLM,approximate,None,rec.motorcycles,598,7289,59.703884585760534
20ng,BLM,approximate,None,rec.sport.hockey,600,7781,68.5511964019388
20ng,BLM,approximate,None,alt.atheism,480,7149,73.52996187377721
20ng,BLM,approximate,None,talk.religion.misc,377,7481,65.88364389911294
20ng,BLM,approximate,None,rec.sport.baseball,597,6354,55.81417904794216
20ng,BLM,approximate,None,sci.crypt,595,8498,79.92211819626391
20ng,BLM,approximate,None,talk.politics.misc,465,8284,66.34836174827069
20ng,BLM,approximate,None,comp.windows.x,593,8360,51.358076544478536
20ng,BLM,sklar,None,sci.med,594,10102,595.4662865325809
20ng,BLM,sklar,None,comp.os.ms-windows.misc,572,5765,148.65050129964948
20ng,BLM,sklar,None,rec.autos,594,7180,345.8613502420485
20ng,BLM,sklar,None,soc.religion.christian,598,8474,243.2825173176825
20ng,BLM,sklar,None,comp.sys.mac.hardware,578,5913,485.00923926383257
20ng,BLM,sklar,None,sci.space,593,9414,623.830205515027
20ng,BLM,sklar,None,comp.graphics,584,8043,962.7275744164363
20ng,BLM,sklar,None,sci.electronics,591,6910,841.0776966400445
20ng,BLM,sklar,None,comp.sys.ibm.pc.hardware,590,6592,322.61614877171814
20ng,BLM,sklar,None,talk.politics.mideast,564,10273,749.8350708298385
20ng,BLM,sklar,None,misc.forsale,585,7071,160.14380372595042
20ng,BLM,sklar,None,talk.politics.guns,545,8067,831.3156585628167
20ng,BLM,sklar,None,rec.motorcycles,598,7289,435.02012892253697
20ng,BLM,sklar,None,rec.sport.hockey,600,7781,941.2267414014786
20ng,BLM,sklar,None,alt.atheism,480,7149,638.6997743658721
20ng,BLM,sklar,None,talk.religion.misc,377,7481,360.61050125863403
20ng,BLM,sklar,None,rec.sport.baseball,597,6354,171.0495038907975
20ng,BLM,sklar,None,sci.crypt,595,8498,688.724136182107
20ng,BLM,sklar,None,talk.politics.misc,465,8284,730.6140523878857
20ng,BLM,sklar,None,comp.windows.x,593,8360,811.977702495642
20ng,BLM,vectorized,empirical,sci.med,594,10102,80.12017592787743
20ng,BLM,vectorized,empirical,comp.os.ms-windows.misc,572,5765,47.014202748425305
20ng,BLM,vectorized,empirical,rec.autos,594,7180,61.85717396438122
20ng,BLM,vectorized,empirical,soc.religion.christian,598,8474,78.57481428422034
20ng,BLM,vectorized,empirical,comp.sys.mac.hardware,578,5913,48.82542942836881
20ng,BLM,vectorized,empirical,sci.space,593,9414,77.81697725690901
20ng,BLM,vectorized,empirical,comp.graphics,584,8043,77.14758242852986
20ng,BLM,vectorized,empirical,sci.electronics,591,6910,57.32041825633496
20ng,BLM,vectorized,empirical,comp.sys.ibm.pc.hardware,590,6592,53.74038929305971
20ng,BLM,vectorized,empirical,talk.politics.mideast,564,10273,86.82777531910688
20ng,BLM,vectorized,empirical,misc.forsale,585,7071,52.50438987184316
20ng,BLM,vectorized,empirical,talk.politics.guns,545,8067,74.14077598880976
20ng,BLM,vectorized,empirical,rec.motorcycles,598,7289,61.425682979635894
20ng,BLM,vectorized,empirical,rec.sport.hockey,600,7781,69.27652673795819
20ng,BLM,vectorized,empirical,alt.atheism,480,7149,75.15849882457405
20ng,BLM,vectorized,empirical,talk.religion.misc,377,7481,48.79468453861773
20ng,BLM,vectorized,empirical,rec.sport.baseball,597,6354,57.974246283993125
20ng,BLM,vectorized,empirical,sci.crypt,595,8498,67.13169339019805
20ng,BLM,vectorized,empirical,talk.politics.misc,465,8284,83.1767409434542
20ng,BLM,vectorized,empirical,comp.windows.x,593,8360,66.75447591673583
20ng,BLM,approximate,empirical,sci.med,594,10102,77.90345163177699
20ng,BLM,approximate,empirical,comp.os.ms-windows.misc,572,5765,47.13110947795212
20ng,BLM,approximate,empirical,rec.autos,594,7180,60.16969029791653
20ng,BLM,approximate,empirical,soc.religion.christian,598,8474,76.50098284520209
20ng,BLM,approximate,empirical,comp.sys.mac.hardware,578,5913,48.05604280997068
20ng,BLM,approximate,empirical,sci.space,593,9414,76.69320746697485
20ng,BLM,approximate,empirical,comp.graphics,584,8043,76.00885884929448
20ng,BLM,approximate,empirical,sci.electronics,591,6910,55.691684521734715
20ng,BLM,approximate,empirical,comp.sys.ibm.pc.hardware,590,6592,53.352759945206344
20ng,BLM,approximate,empirical,talk.politics.mideast,564,10273,103.07979444973171
20ng,BLM,approximate,empirical,misc.forsale,585,7071,51.49650677666068
20ng,BLM,approximate,empirical,talk.politics.guns,545,8067,71.69197863806039
20ng,BLM,approximate,empirical,rec.motorcycles,598,7289,59.16255409177393
20ng,BLM,approximate,empirical,rec.sport.hockey,600,7781,68.1047957194969
20ng,BLM,approximate,empirical,alt.atheism,480,7149,73.73527649603784
20ng,BLM,approximate,empirical,talk.religion.misc,377,7481,48.16959839966148
20ng,BLM,approximate,empirical,rec.sport.baseball,597,6354,56.05956138204783
20ng,BLM,approximate,empirical,sci.crypt,595,8498,79.38870719820261
20ng,BLM,approximate,empirical,talk.politics.misc,465,8284,82.10091802012175
20ng,BLM,approximate,empirical,comp.windows.x,593,8360,51.30628418922424
20ng,BLM,sklar,empirical,sci.med,594,10102,592.7189557701349
20ng,BLM,sklar,empirical,comp.os.ms-windows.misc,572,5765,237.28994642943144
20ng,BLM,sklar,empirical,rec.autos,594,7180,328.8853552546352
20ng,BLM,sklar,empirical,soc.religion.christian,598,8474,222.6716384133324
20ng,BLM,sklar,empirical,comp.sys.mac.hardware,578,5913,482.76203522644937
20ng,BLM,sklar,empirical,sci.space,593,9414,658.827480616048
20ng,BLM,sklar,empirical,comp.graphics,584,8043,885.4006788637489
20ng,BLM,sklar,empirical,sci.electronics,591,6910,817.7593525489792
20ng,BLM,sklar,empirical,comp.sys.ibm.pc.hardware,590,6592,408.8417986445129
20ng,BLM,sklar,empirical,talk.politics.mideast,564,10273,683.8820445444435
20ng,BLM,sklar,empirical,misc.forsale,585,7071,166.352539466694
20ng,BLM,sklar,empirical,talk.politics.guns,545,8067,783.9260625001043
20ng,BLM,sklar,empirical,rec.motorcycles,598,7289,434.17931106779724
20ng,BLM,sklar,empirical,rec.sport.hockey,600,7781,948.3533932371065
20ng,BLM,sklar,empirical,alt.atheism,480,7149,562.1773295374587
20ng,BLM,sklar,empirical,talk.religion.misc,377,7481,415.215892450884
20ng,BLM,sklar,empirical,rec.sport.baseball,597,6354,170.4701053444296
20ng,BLM,sklar,empirical,sci.crypt,595,8498,716.9031780492514
20ng,BLM,sklar,empirical,talk.politics.misc,465,8284,746.4808605117723
20ng,BLM,sklar,empirical,comp.windows.x,593,8360,855.2338160546497
20ng,BLM,vectorized,aposteriori,sci.med,594,10102,80.58174507971853
20ng,BLM,vectorized,aposteriori,comp.os.ms-windows.misc,572,5765,46.76714293472469
20ng,BLM,vectorized,aposteriori,rec.autos,594,7180,62.011463241651654
20ng,BLM,vectorized,aposteriori,soc.religion.christian,598,8474,80.32743904460222
20ng,BLM,vectorized,aposteriori,comp.sys.mac.hardware,578,5913,48.01181186083704
20ng,BLM,vectorized,aposteriori,sci.space,593,9414,79.92553485557437
20ng,BLM,vectorized,aposteriori,comp.graphics,584,8043,77.311328609474
20ng,BLM,vectorized,aposteriori,sci.electronics,591,6910,56.334355583414435
20ng,BLM,vectorized,aposteriori,comp.sys.ibm.pc.hardware,590,6592,53.39324257243425
20ng,BLM,vectorized,aposteriori,talk.politics.mideast,564,10273,87.8154407935217
20ng,BLM,vectorized,aposteriori,misc.forsale,585,7071,52.836567571386695
20ng,BLM,vectorized,aposteriori,talk.politics.guns,545,8067,74.70392279047519
20ng,BLM,vectorized,aposteriori,rec.motorcycles,598,7289,61.75010051205754
20ng,BLM,vectorized,aposteriori,rec.sport.hockey,600,7781,69.59082318004221
20ng,BLM,vectorized,aposteriori,alt.atheism,480,7149,76.2894784193486
20ng,BLM,vectorized,aposteriori,talk.religion.misc,377,7481,48.150064101442695
20ng,BLM,vectorized,aposteriori,rec.sport.baseball,597,6354,58.66681389231235
20ng,BLM,vectorized,aposteriori,sci.crypt,595,8498,66.81566157471389
20ng,BLM,vectorized,aposteriori,talk.politics.misc,465,8284,83.90315103158355
20ng,BLM,vectorized,aposteriori,comp.windows.x,593,8360,68.09563960786909
20ng,BLM,approximate,aposteriori,sci.med,594,10102,78.41178416088223
20ng,BLM,approximate,aposteriori,comp.os.ms-windows.misc,572,5765,66.2401929628104
20ng,BLM,approximate,aposteriori,rec.autos,594,7180,59.13563300576061
20ng,BLM,approximate,aposteriori,soc.religion.christian,598,8474,76.10329004842788
20ng,BLM,approximate,aposteriori,comp.sys.mac.hardware,578,5913,47.252763769589365
20ng,BLM,approximate,aposteriori,sci.space,593,9414,76.96450361050665
20ng,BLM,approximate,aposteriori,comp.graphics,584,8043,75.3974115177989
20ng,BLM,approximate,aposteriori,sci.electronics,591,6910,56.06747818086296
20ng,BLM,approximate,aposteriori,comp.sys.ibm.pc.hardware,590,6592,52.19438259489834
20ng,BLM,approximate,aposteriori,talk.politics.mideast,564,10273,89.15710835531354
20ng,BLM,approximate,aposteriori,misc.forsale,585,7071,50.18857619073242
20ng,BLM,approximate,aposteriori,talk.politics.guns,545,8067,71.27103025373071
20ng,BLM,approximate,aposteriori,rec.motorcycles,598,7289,57.97719149291515
20ng,BLM,approximate,aposteriori,rec.sport.hockey,600,7781,68.2661620574072
20ng,BLM,approximate,aposteriori,alt.atheism,480,7149,57.09606869611889
20ng,BLM,approximate,aposteriori,talk.religion.misc,377,7481,66.6570392511785
20ng,BLM,approximate,aposteriori,rec.sport.baseball,597,6354,55.45477519184351
20ng,BLM,approximate,aposteriori,sci.crypt,595,8498,78.6591849308461
20ng,BLM,approximate,aposteriori,talk.politics.misc,465,8284,81.14475198090076
20ng,BLM,approximate,aposteriori,comp.windows.x,593,8360,51.56308741308749
20ng,BLM,sklar,aposteriori,sci.med,594,10102,594.7008220599964
20ng,BLM,sklar,aposteriori,comp.os.ms-windows.misc,572,5765,247.1255558207631
20ng,BLM,sklar,aposteriori,rec.autos,594,7180,329.0350831486285
20ng,BLM,sklar,aposteriori,soc.religion.christian,598,8474,225.91456084419042
20ng,BLM,sklar,aposteriori,comp.sys.mac.hardware,578,5913,479.88929120916873
20ng,BLM,sklar,aposteriori,sci.space,593,9414,620.6010308144614
20ng,BLM,sklar,aposteriori,comp.graphics,584,8043,995.650161344558
20ng,BLM,sklar,aposteriori,sci.electronics,591,6910,817.5795616973191
20ng,BLM,sklar,aposteriori,comp.sys.ibm.pc.hardware,590,6592,319.7655112436041
20ng,BLM,sklar,aposteriori,talk.politics.mideast,564,10273,777.5071716792881
20ng,BLM,sklar,aposteriori,misc.forsale,585,7071,166.49852277338505
20ng,BLM,sklar,aposteriori,talk.politics.guns,545,8067,827.5168460272253
20ng,BLM,sklar,aposteriori,rec.motorcycles,598,7289,431.9388389242813
20ng,BLM,sklar,aposteriori,rec.sport.hockey,600,7781,945.8467429196462
20ng,BLM,sklar,aposteriori,alt.atheism,480,7149,566.938115526922
20ng,BLM,sklar,aposteriori,talk.religion.misc,377,7481,427.556075097993
20ng,BLM,sklar,aposteriori,rec.sport.baseball,597,6354,181.16104674804956
20ng,BLM,sklar,aposteriori,sci.crypt,595,8498,682.0536760725081
20ng,BLM,sklar,aposteriori,talk.politics.misc,465,8284,687.3288181759417
20ng,BLM,sklar,aposteriori,comp.windows.x,593,8360,820.1338682118803
